experimento,fraccion,filas_train,arboles,modo,workers,media_recortada_s,media_s,desv_s,speedup,eficiencia,uso_cpu_pct,heap_pico_mb,memoria_asignada_mb,balanced_accuracy
tamano_datos,0.2500,2783,50,secuencial,1,1.1471,1.1567,0.0534,1.0000,1.0000,13.7152,11.7871,40.0776,0.5875
tamano_datos,0.2500,2783,50,concurrente,8,0.2815,0.2820,0.0142,4.0752,0.5094,95.8965,13.0065,40.0654,0.5875
tamano_datos,0.5000,5566,50,secuencial,1,2.3407,2.3437,0.0336,1.0000,1.0000,13.1171,12.3132,81.5602,0.6144
tamano_datos,0.5000,5566,50,concurrente,8,0.6080,0.6079,0.0188,3.8500,0.4812,95.9817,16.3891,81.5369,0.6144
tamano_datos,0.7500,8349,50,secuencial,1,3.6630,3.6696,0.1080,1.0000,1.0000,13.1973,13.3679,122.2549,0.6151
tamano_datos,0.7500,8349,50,concurrente,8,0.9784,0.9747,0.0239,3.7440,0.4680,96.2647,17.0236,122.2129,0.6151
tamano_datos,1.0000,11132,50,secuencial,1,5.5067,5.4926,0.1262,1.0000,1.0000,13.2257,13.0797,161.4345,0.6192
tamano_datos,1.0000,11132,50,concurrente,8,1.5023,1.5313,0.1759,3.6656,0.4582,96.0000,20.5501,161.3720,0.6192
numero_arboles,1.0000,11132,25,secuencial,1,2.9090,2.8668,0.2051,1.0000,1.0000,13.0970,12.0919,80.6075,0.6133
numero_arboles,1.0000,11132,25,concurrente,8,0.5886,0.5950,0.0526,4.9424,0.6178,91.8975,18.9429,80.5739,0.6133
numero_arboles,1.0000,11132,50,secuencial,1,4.5120,4.5350,0.0905,1.0000,1.0000,13.0841,13.1513,161.4200,0.6192
numero_arboles,1.0000,11132,50,concurrente,8,0.9513,0.9504,0.0091,4.7428,0.5928,95.0784,18.1747,161.3648,0.6192
numero_arboles,1.0000,11132,100,secuencial,1,9.4528,9.6543,0.9443,1.0000,1.0000,13.2330,14.9957,322.5348,0.6194
numero_arboles,1.0000,11132,100,concurrente,8,2.7597,2.8114,0.1799,3.4254,0.4282,98.2118,24.0572,322.4225,0.6194
numero_arboles,1.0000,11132,200,secuencial,1,21.6236,21.5061,0.5771,1.0000,1.0000,13.3516,19.1337,645.4689,0.6209
numero_arboles,1.0000,11132,200,concurrente,8,5.5939,5.6200,0.1356,3.8656,0.4832,99.0068,30.0788,645.2029,0.6209
